time(s),dP1(Pa)
1519510894.782215,  0.545818
1519510894.811508,  0.545818
1519510894.840759,  0.569550
1519510894.869959,  0.545818
1519510894.899172,  0.617012
1519510894.928371,  0.569550
1519510894.957585,  0.569550
1519510894.986784,  0.593281
1519510895.016004,  0.569550
1519510895.045218,  0.593281
1519510895.074436,  0.569550
1519510895.103653,  0.593281
1519510895.132871,  0.593281
1519510895.162074,  0.593281
1519510895.191305,  0.569550
1519510895.220508,  0.593281
1519510895.249722,  0.545818
1519510895.278938,  0.593281
1519510895.308147,  0.593281
1519510895.337364,  0.569550
1519510895.366572,  0.569550
1519510895.395775,  0.640743
1519510895.424997,  0.617012
1519510895.454208,  0.593281
1519510895.483415,  0.593281
1519510895.512626,  0.569550
1519510895.541838,  0.617012
1519510895.571063,  0.569550
1519510895.600271,  0.569550
1519510895.629473,  0.593281
1519510895.658683,  0.593281
1519510895.687881,  0.617012
1519510895.717100,  0.545818
1519510895.746319,  0.640743
1519510895.775544,  0.617012
1519510895.804758,  0.569550
1519510895.833975,  0.640743
1519510895.863193,  0.617012
1519510895.892408,  0.569550
1519510895.921617,  0.617012
1519510895.950822,  0.617012
1519510895.980027,  0.640743
1519510896.009242,  0.569550
1519510896.038449,  0.569550
1519510896.067654,  0.664474
1519510896.096858,  0.617012
1519510896.126061,  0.617012
1519510896.155269,  0.664474
1519510896.184478,  0.640743
1519510896.213690,  0.664474
1519510896.242917,  0.617012
1519510896.272188,  0.640743
1519510896.301436,  0.617012
1519510896.330647,  0.617012
1519510896.359860,  0.688206
1519510896.389063,  0.664474
1519510896.418264,  0.593281
1519510896.447462,  0.640743
1519510896.476662,  0.640743
1519510896.505867,  0.640743
1519510896.535073,  0.593281
1519510896.564279,  0.617012
1519510896.593480,  0.617012
1519510896.622695,  0.617012
1519510896.651901,  0.688206
1519510896.681107,  0.664474
1519510896.710318,  0.617012
1519510896.739537,  0.711937
1519510896.768737,  0.617012
1519510896.797951,  0.640743
1519510896.827160,  0.688206
1519510896.856368,  0.664474
1519510896.885581,  0.664474
1519510896.914793,  0.640743
1519510896.943998,  0.640743
1519510896.973207,  0.688206
1519510897.002418,  0.664474
1519510897.031613,  0.664474
1519510897.060822,  0.688206
1519510897.090031,  0.593281
1519510897.119240,  0.617012
1519510897.148458,  0.688206
1519510897.177680,  0.640743
1519510897.206889,  0.640743
1519510897.236094,  0.640743
1519510897.265300,  0.664474
1519510897.294494,  0.640743
1519510897.323692,  0.664474
1519510897.352898,  0.640743
1519510897.382102,  0.735668
1519510897.411312,  0.664474
1519510897.440513,  0.617012
1519510897.469712,  0.688206
1519510897.498923,  0.688206
1519510897.528133,  0.640743
1519510897.557343,  0.617012
1519510897.586550,  0.688206
1519510897.615752,  0.664474
1519510897.644953,  0.617012
1519510897.674161,  0.617012
1519510897.703368,  0.640743
1519510897.732584,  0.569550
1519510897.761784,  0.664474
1519510897.791015,  0.664474
1519510897.820240,  0.617012
1519510897.849459,  0.688206
1519510897.878661,  0.688206
1519510897.907865,  0.688206
1519510897.937066,  0.735668
1519510897.966276,  0.593281
1519510897.995487,  0.640743
1519510898.024698,  0.617012
1519510898.053900,  0.664474
1519510898.083104,  0.664474
1519510898.112323,  0.688206
1519510898.141531,  0.640743
1519510898.170741,  0.640743
1519510898.199955,  0.711937
1519510898.229160,  0.688206
1519510898.258364,  0.640743
1519510898.287573,  0.617012
1519510898.316779,  0.664474
1519510898.345986,  0.711937
1519510898.375192,  0.688206
1519510898.404396,  0.688206
1519510898.433602,  0.688206
1519510898.462806,  0.664474
1519510898.491997,  0.688206
1519510898.521202,  0.711937
1519510898.550405,  0.617012
1519510898.579637,  0.735668
1519510898.608839,  0.640743
1519510898.638030,  0.617012
1519510898.667229,  0.664474
1519510898.696434,  0.688206
1519510898.725628,  0.735668
1519510898.754833,  0.664474
1519510898.784032,  0.664474
1519510898.813232,  0.664474
1519510898.842439,  0.664474
1519510898.871640,  0.688206
1519510898.900839,  0.688206
1519510898.930042,  0.617012
1519510898.959245,  0.688206
1519510898.988448,  0.664474
1519510899.017682,  0.640743
1519510899.046895,  0.664474
1519510899.076112,  0.640743
1519510899.105318,  0.688206
1519510899.134535,  0.664474
1519510899.163743,  0.640743
1519510899.192955,  0.617012
1519510899.222157,  0.640743
1519510899.251364,  0.664474
1519510899.280629,  0.617012
1519510899.309865,  0.688206
1519510899.339082,  0.640743
1519510899.368290,  0.640743
1519510899.397493,  0.688206
1519510899.426701,  0.711937
1519510899.455920,  0.640743
1519510899.485130,  0.640743
1519510899.514345,  0.640743
1519510899.543563,  0.664474
1519510899.572776,  0.664474
1519510899.601982,  0.640743
1519510899.631192,  0.640743
1519510899.660385,  0.688206
1519510899.689584,  0.688206
1519510899.718793,  0.664474
1519510899.748002,  0.664474
1519510899.777208,  0.664474
1519510899.806413,  0.735668
1519510899.835621,  0.664474
1519510899.864824,  0.664474
1519510899.894036,  0.688206
1519510899.923242,  0.664474
1519510899.952455,  0.735668
1519510899.981659,  0.640743
1519510900.010891,  0.688206
1519510900.040093,  0.735668
1519510900.069295,  0.664474
1519510900.098506,  0.688206
1519510900.127708,  0.569550
1519510900.156915,  0.640743
1519510900.186123,  0.711937
1519510900.215326,  0.711937
1519510900.244533,  0.617012
1519510900.273742,  0.569550
1519510900.302961,  0.711937
1519510900.332163,  0.664474
1519510900.361386,  0.711937
1519510900.390591,  0.688206
1519510900.419797,  0.640743
1519510900.449003,  0.688206
1519510900.478215,  0.688206
1519510900.507419,  0.640743
1519510900.536628,  0.640743
1519510900.565835,  0.688206
1519510900.595059,  0.664474
1519510900.624262,  0.664474
1519510900.653463,  0.688206
1519510900.682670,  0.664474
1519510900.711869,  0.617012
1519510900.741074,  0.688206
1519510900.770282,  0.617012
1519510900.799507,  0.688206
1519510900.828728,  0.688206
1519510900.857941,  0.664474
1519510900.887152,  0.640743
1519510900.916362,  0.640743
1519510900.945572,  0.640743
1519510900.974779,  0.640743
1519510901.003989,  0.640743
1519510901.033189,  0.640743
1519510901.062412,  0.711937
1519510901.091619,  0.640743
1519510901.120825,  0.735668
1519510901.150021,  0.664474
1519510901.179221,  0.688206
1519510901.208427,  0.688206
1519510901.237639,  0.688206
1519510901.266917,  0.664474
1519510901.296134,  0.735668
1519510901.325348,  0.617012
1519510901.354558,  0.688206
1519510901.383776,  0.617012
1519510901.412991,  0.664474
1519510901.442202,  0.688206
1519510901.471428,  0.688206
1519510901.500648,  0.688206
1519510901.529857,  0.688206
1519510901.559050,  0.759399
1519510901.588256,  0.688206
1519510901.617456,  0.664474
1519510901.646656,  0.711937
1519510901.675859,  0.688206
1519510901.705065,  0.664474
1519510901.734264,  0.735668
1519510901.763464,  0.711937
1519510901.792665,  0.688206
1519510901.821861,  0.711937
1519510901.851067,  0.664474
1519510901.880265,  0.617012
1519510901.909469,  0.640743
1519510901.938675,  0.688206
1519510901.967877,  0.759399
1519510901.997073,  0.711937
1519510902.026276,  0.688206
1519510902.055476,  0.759399
1519510902.084681,  0.688206
1519510902.113891,  0.711937
1519510902.143099,  0.688206
1519510902.172370,  0.640743
1519510902.201569,  0.688206
1519510902.230783,  0.711937
1519510902.259978,  0.617012
1519510902.289229,  0.640743
1519510902.318461,  0.664474
1519510902.347665,  0.688206
1519510902.376875,  0.688206
1519510902.406073,  0.640743
1519510902.435271,  0.688206
1519510902.464471,  0.688206
1519510902.493670,  0.688206
1519510902.522896,  0.711937
1519510902.552088,  0.688206
1519510902.581292,  0.664474
1519510902.610491,  0.640743
1519510902.639693,  0.759399
1519510902.668893,  0.711937
1519510902.698100,  0.664474
1519510902.727327,  0.688206
1519510902.756527,  0.711937
1519510902.785723,  0.688206
1519510902.814917,  0.688206
1519510902.844119,  0.711937
1519510902.873324,  0.688206
1519510902.902530,  0.640743
1519510902.931716,  0.688206
1519510902.960928,  0.735668
1519510902.990129,  0.711937
1519510903.019324,  0.711937
1519510903.048526,  0.593281
1519510903.077730,  0.640743
1519510903.106939,  0.711937
1519510903.136139,  0.688206
1519510903.165338,  0.688206
1519510903.194536,  0.664474
1519510903.223736,  0.711937
1519510903.252939,  0.688206
1519510903.282140,  0.711937
1519510903.311372,  0.735668
1519510903.340576,  0.688206
1519510903.369783,  0.640743
1519510903.398981,  0.735668
1519510903.428200,  0.640743
1519510903.457437,  0.688206
1519510903.486665,  0.711937
1519510903.515913,  0.664474
1519510903.545147,  0.664474
1519510903.574387,  0.711937
1519510903.603622,  0.735668
1519510903.632843,  0.735668
1519510903.662045,  0.664474
1519510903.691263,  0.688206
1519510903.720498,  0.759399
1519510903.749725,  0.735668
1519510903.778986,  0.640743
1519510903.808239,  0.735668
1519510903.837452,  0.688206
1519510903.866663,  0.711937
1519510903.895881,  0.711937
1519510903.925097,  0.688206
1519510903.954300,  0.688206
1519510903.983514,  0.640743
1519510904.012746,  0.688206
1519510904.041967,  0.711937
1519510904.071184,  0.711937
1519510904.100404,  0.735668
1519510904.129624,  0.735668
1519510904.158837,  0.688206
1519510904.188058,  0.664474
1519510904.217281,  0.664474
1519510904.246495,  0.617012
1519510904.275722,  0.711937
1519510904.304947,  0.735668
1519510904.334166,  0.735668
1519510904.363382,  0.735668
1519510904.392607,  0.711937
1519510904.421824,  0.759399
1519510904.451057,  0.688206
1519510904.480282,  0.735668
1519510904.509507,  0.759399
1519510904.538733,  0.688206
1519510904.567953,  0.711937
1519510904.597173,  0.711937
1519510904.626390,  0.688206
1519510904.655616,  0.640743
1519510904.684836,  0.735668
1519510904.714088,  0.640743
1519510904.743346,  0.688206
1519510904.772597,  0.664474
1519510904.801821,  0.688206
1519510904.831049,  0.711937
1519510904.860262,  0.735668
1519510904.889493,  0.735668
1519510904.918712,  0.711937
1519510904.947934,  0.688206
1519510904.977153,  0.688206
1519510905.006374,  0.711937
1519510905.035588,  0.711937
1519510905.064790,  0.735668
1519510905.094003,  0.735668
1519510905.123214,  0.688206
1519510905.152438,  0.759399
1519510905.181651,  0.711937
1519510905.210893,  0.735668
1519510905.240114,  0.688206
1519510905.269334,  0.664474
1519510905.298558,  0.806862
1519510905.327805,  0.711937
1519510905.357019,  0.688206
1519510905.386247,  0.688206
1519510905.415467,  0.688206
1519510905.444675,  0.711937
1519510905.473894,  0.688206
1519510905.503114,  0.711937
1519510905.532342,  0.711937
1519510905.561555,  0.711937
1519510905.590781,  0.711937
1519510905.619998,  0.711937
1519510905.649230,  0.640743
1519510905.678456,  0.688206
1519510905.707674,  0.688206
1519510905.736898,  0.759399
1519510905.766121,  0.735668
1519510905.795352,  0.711937
1519510905.824579,  0.664474
1519510905.853803,  0.735668
1519510905.883039,  0.664474
1519510905.912257,  0.664474
1519510905.941553,  0.688206
1519510905.970787,  0.711937
1519510906.000015,  0.711937
1519510906.029237,  0.711937
1519510906.058467,  0.711937
1519510906.087699,  0.688206
1519510906.116945,  0.688206
1519510906.146167,  0.688206
1519510906.175379,  0.617012
1519510906.204591,  0.688206
1519510906.233814,  0.688206
1519510906.263036,  0.593281
1519510906.292259,  0.711937
1519510906.321521,  0.688206
1519510906.350775,  0.688206
1519510906.380000,  0.664474
1519510906.409217,  0.735668
1519510906.438437,  0.688206
1519510906.467657,  0.640743
1519510906.496875,  0.735668
1519510906.526093,  0.664474
1519510906.555318,  0.640743
1519510906.584525,  0.640743
1519510906.613744,  0.735668
1519510906.642974,  0.688206
1519510906.672179,  0.664474
1519510906.701386,  0.664474
1519510906.730607,  0.759399
1519510906.759830,  0.688206
1519510906.789103,  0.617012
1519510906.818344,  0.711937
1519510906.847569,  0.759399
1519510906.876784,  0.711937
1519510906.906004,  0.735668
1519510906.935228,  0.617012
1519510906.964440,  0.664474
1519510906.993659,  0.640743
1519510907.022872,  0.759399
1519510907.052089,  0.664474
1519510907.081310,  0.735668
1519510907.110521,  0.759399
1519510907.139748,  0.688206
1519510907.168966,  0.711937
1519510907.198181,  0.711937
1519510907.227394,  0.664474
1519510907.256603,  0.735668
1519510907.285808,  0.735668
1519510907.315045,  0.664474
1519510907.344281,  0.688206
1519510907.373511,  0.735668
1519510907.402752,  0.664474
1519510907.431979,  0.640743
1519510907.461233,  0.664474
1519510907.490466,  0.664474
1519510907.519697,  0.664474
1519510907.548906,  0.664474
1519510907.578120,  0.711937
1519510907.607337,  0.688206
1519510907.636556,  0.711937
1519510907.665771,  0.664474
1519510907.694998,  0.688206
1519510907.724216,  0.735668
1519510907.753436,  0.664474
1519510907.782653,  0.688206
1519510907.811872,  0.640743
1519510907.841101,  0.735668
1519510907.870318,  0.735668
1519510907.899543,  0.711937
1519510907.928767,  0.735668
1519510907.957990,  0.664474
1519510907.987214,  0.711937
1519510908.016432,  0.617012
1519510908.045654,  0.688206
1519510908.074885,  0.688206
1519510908.104107,  0.688206
1519510908.133332,  0.664474
1519510908.162553,  0.711937
1519510908.191783,  0.783131
1519510908.221006,  0.664474
1519510908.250218,  0.688206
1519510908.279505,  0.640743
1519510908.308752,  0.664474
1519510908.337977,  0.688206
1519510908.367197,  0.688206
1519510908.396412,  0.735668
1519510908.425627,  0.735668
1519510908.454850,  0.688206
1519510908.484072,  0.664474
1519510908.513297,  0.688206
1519510908.542527,  0.735668
1519510908.571758,  0.759399
1519510908.600984,  0.711937
1519510908.630205,  0.711937
1519510908.659418,  0.688206
1519510908.688634,  0.711937
1519510908.717854,  0.711937
1519510908.747082,  0.688206
1519510908.776309,  0.640743
1519510908.805527,  0.688206
1519510908.834749,  0.688206
1519510908.863966,  0.711937
1519510908.893189,  0.688206
1519510908.922411,  0.711937
1519510908.951624,  0.688206
1519510908.980843,  0.783131
1519510909.010072,  0.664474
1519510909.039316,  0.711937
1519510909.068536,  0.759399
1519510909.097764,  0.735668
1519510909.126979,  0.735668
1519510909.156188,  0.688206
1519510909.185403,  0.688206
1519510909.214611,  0.735668
1519510909.243826,  0.688206
1519510909.273042,  0.688206
1519510909.302254,  0.664474
1519510909.331481,  0.735668
1519510909.360741,  0.688206
1519510909.389967,  0.688206
1519510909.419188,  0.735668
1519510909.448410,  0.617012
1519510909.477622,  0.688206
1519510909.506833,  0.688206
1519510909.536051,  0.688206
1519510909.565265,  0.593281
1519510909.594484,  0.711937
1519510909.623698,  0.711937
1519510909.652920,  0.617012
1519510909.682136,  0.640743
1519510909.711356,  0.711937
1519510909.740575,  0.735668
1519510909.769801,  0.688206
1519510909.799064,  0.664474
1519510909.828296,  0.735668
1519510909.857503,  0.688206
1519510909.886710,  0.664474
1519510909.915931,  0.664474
1519510909.945143,  0.711937
1519510909.974359,  0.711937
1519510910.003574,  0.688206
1519510910.032788,  0.711937
1519510910.062004,  0.664474
1519510910.091233,  0.711937
1519510910.120444,  0.640743
1519510910.149662,  0.617012
1519510910.178897,  0.664474
1519510910.208113,  0.688206
1519510910.237325,  0.664474
1519510910.266538,  0.688206
1519510910.295761,  0.664474
1519510910.324986,  0.711937
1519510910.354218,  0.688206
1519510910.383483,  0.640743
1519510910.412708,  0.664474
1519510910.441920,  0.640743
1519510910.471151,  0.688206
1519510910.500373,  0.688206
1519510910.529594,  0.759399
1519510910.558806,  0.735668
1519510910.588023,  0.640743
1519510910.617242,  0.664474
1519510910.646455,  0.640743
1519510910.675674,  0.735668
1519510910.704893,  0.617012
1519510910.734117,  0.688206
1519510910.763336,  0.688206
1519510910.792570,  0.664474
1519510910.821787,  0.664474
1519510910.851039,  0.735668
1519510910.880255,  0.617012
1519510910.909472,  0.735668
1519510910.938689,  0.688206
1519510910.967898,  0.688206
1519510910.997116,  0.735668
1519510911.026340,  0.664474
1519510911.055560,  0.640743
1519510911.084789,  0.711937
1519510911.114035,  0.759399
1519510911.143279,  0.688206
1519510911.172520,  0.688206
1519510911.201749,  0.711937
1519510911.230990,  0.688206
1519510911.260227,  0.664474
1519510911.289482,  0.664474
1519510911.318733,  0.735668
1519510911.347968,  0.711937
1519510911.377221,  0.711937
1519510911.406469,  0.688206
1519510911.435713,  0.711937
1519510911.464952,  0.711937
1519510911.494191,  0.640743
1519510911.523438,  0.640743
1519510911.552687,  0.664474
1519510911.581937,  0.664474
1519510911.611187,  0.640743
1519510911.640434,  0.711937
1519510911.669673,  0.664474
1519510911.698931,  0.664474
1519510911.728177,  0.688206
1519510911.757421,  0.664474
1519510911.786672,  0.688206
1519510911.815919,  0.711937
1519510911.845154,  0.735668
1519510911.874400,  0.640743
1519510911.903643,  0.711937
1519510911.932897,  0.664474
1519510911.962113,  0.688206
1519510911.991348,  0.711937
1519510912.020574,  0.735668
1519510912.049793,  0.664474
1519510912.079014,  0.711937
1519510912.108241,  0.711937
1519510912.137476,  0.759399
1519510912.166713,  0.711937
1519510912.195942,  0.688206
1519510912.225164,  0.711937
1519510912.254392,  0.664474
1519510912.283610,  0.688206
1519510912.312826,  0.711937
1519510912.342036,  0.640743
1519510912.371252,  0.664474
1519510912.400467,  0.664474
1519510912.429678,  0.617012
1519510912.458903,  0.759399
1519510912.488118,  0.711937
1519510912.517339,  0.664474
1519510912.546556,  0.711937
1519510912.575782,  0.735668
1519510912.605005,  0.640743
1519510912.634239,  0.735668
1519510912.663469,  0.759399
1519510912.692699,  0.664474
1519510912.721924,  0.664474
1519510912.751147,  0.688206
1519510912.780444,  0.664474
1519510912.809700,  0.664474
1519510912.838923,  0.688206
1519510912.868150,  0.711937
1519510912.897379,  0.759399
1519510912.926607,  0.664474
1519510912.955827,  0.688206
1519510912.985050,  0.711937
1519510913.014270,  0.664474
1519510913.043487,  0.664474
1519510913.072708,  0.711937
1519510913.101924,  0.688206
1519510913.131149,  0.640743
1519510913.160358,  0.688206
1519510913.189575,  0.664474
1519510913.218799,  0.593281
1519510913.248016,  0.664474
1519510913.277241,  0.759399
1519510913.306466,  0.711937
1519510913.335685,  0.640743
1519510913.364900,  0.688206
1519510913.394124,  0.688206
1519510913.423348,  0.735668
1519510913.452578,  0.688206
1519510913.481802,  0.664474
1519510913.511027,  0.688206
1519510913.540253,  0.735668
1519510913.569465,  0.664474
1519510913.598673,  0.617012
1519510913.627873,  0.688206
1519510913.657084,  0.664474
1519510913.686303,  0.711937
1519510913.715533,  0.640743
1519510913.744758,  0.593281
1519510913.773987,  0.640743
1519510913.803214,  0.664474
1519510913.832445,  0.664474
1519510913.861662,  0.593281
1519510913.890906,  0.688206
1519510913.920123,  0.617012
1519510913.949351,  0.664474
1519510913.978569,  0.640743
1519510914.007789,  0.664474
1519510914.037020,  0.640743
1519510914.066254,  0.711937
1519510914.095483,  0.664474
1519510914.124703,  0.688206
1519510914.153912,  0.640743
1519510914.183143,  0.640743
1519510914.212375,  0.711937
1519510914.241593,  0.688206
1519510914.270818,  0.664474
1519510914.300051,  0.640743
1519510914.329283,  0.664474
1519510914.358505,  0.640743
1519510914.387729,  0.735668
1519510914.416958,  0.593281
1519510914.446174,  0.688206
1519510914.475399,  0.664474
1519510914.504624,  0.664474
1519510914.533842,  0.735668
1519510914.563069,  0.640743
1519510914.592363,  0.688206
1519510914.621593,  0.617012
1519510914.650816,  0.735668
1519510914.680052,  0.640743
1519510914.709276,  0.664474
1519510914.738499,  0.640743
1519510914.767724,  0.664474
1519510914.796947,  0.664474
1519510914.826162,  0.617012
1519510914.855381,  0.640743
1519510914.884595,  0.640743
1519510914.913819,  0.711937
1519510914.943047,  0.640743
1519510914.972258,  0.759399
1519510915.001502,  0.711937
1519510915.030719,  0.711937
1519510915.059932,  0.664474
1519510915.089150,  0.711937
1519510915.118361,  0.711937
1519510915.147575,  0.617012
1519510915.176786,  0.640743
1519510915.205992,  0.640743
1519510915.235198,  0.735668
1519510915.264409,  0.688206
1519510915.293635,  0.688206
1519510915.322852,  0.688206
1519510915.352067,  0.640743
1519510915.381290,  0.617012
1519510915.410497,  0.640743
1519510915.439712,  0.617012
1519510915.468923,  0.664474
1519510915.498134,  0.593281
1519510915.527341,  0.664474
1519510915.556552,  0.688206
1519510915.585761,  0.664474
1519510915.614973,  0.688206
1519510915.644200,  0.664474
1519510915.673428,  0.664474
1519510915.702654,  0.664474
1519510915.731875,  0.640743
1519510915.761098,  0.688206
1519510915.790366,  0.664474
1519510915.819611,  0.664474
1519510915.848847,  0.664474
1519510915.878066,  0.664474
1519510915.907287,  0.617012
1519510915.936499,  0.664474
1519510915.965716,  0.640743
1519510915.994940,  0.640743
1519510916.024161,  0.688206
1519510916.053377,  0.664474
1519510916.082611,  0.688206
1519510916.111831,  0.664474
1519510916.141050,  0.688206
1519510916.170264,  0.711937
1519510916.199474,  0.664474
1519510916.228692,  0.664474
1519510916.257900,  0.664474
1519510916.287122,  0.640743
1519510916.316354,  0.688206
1519510916.345587,  0.617012
1519510916.374818,  0.688206
1519510916.404031,  0.617012
1519510916.433246,  0.664474
1519510916.462479,  0.711937
1519510916.491701,  0.664474
1519510916.520929,  0.664474
1519510916.550149,  0.688206
1519510916.579376,  0.617012
1519510916.608595,  0.569550
1519510916.637814,  0.735668
1519510916.667052,  0.688206
1519510916.696278,  0.617012
1519510916.725502,  0.735668
1519510916.754730,  0.711937
1519510916.783959,  0.711937
1519510916.813177,  0.711937
1519510916.842401,  0.688206
1519510916.871611,  0.688206
1519510916.900840,  0.617012
1519510916.930062,  0.640743
1519510916.959284,  0.688206
1519510916.988503,  0.688206
1519510917.017719,  0.617012
1519510917.046937,  0.688206
1519510917.076197,  0.688206
1519510917.105409,  0.688206
1519510917.134638,  0.711937
1519510917.163882,  0.688206
1519510917.193120,  0.688206
1519510917.222348,  0.711937
1519510917.251564,  0.688206
1519510917.280864,  0.664474
1519510917.310130,  0.688206
1519510917.339360,  0.640743
1519510917.368580,  0.664474
1519510917.397800,  0.640743
1519510917.427039,  0.664474
1519510917.456257,  0.688206
1519510917.485474,  0.640743
1519510917.514701,  0.640743
1519510917.543923,  0.664474
1519510917.573148,  0.664474
1519510917.602379,  0.664474
1519510917.631593,  0.664474
1519510917.660806,  0.640743
1519510917.690021,  0.688206
1519510917.719243,  0.711937
1519510917.748459,  0.664474
1519510917.777673,  0.735668
1519510917.806889,  0.664474
1519510917.836110,  0.640743
1519510917.865330,  0.617012
1519510917.894551,  0.711937
1519510917.923763,  0.617012
1519510917.952994,  0.640743
1519510917.982204,  0.640743
1519510918.011422,  0.664474
1519510918.040637,  0.640743
1519510918.069849,  0.640743
1519510918.099071,  0.688206
1519510918.128295,  0.664474
1519510918.157517,  0.735668
1519510918.186729,  0.711937
1519510918.215947,  0.688206
1519510918.245158,  0.640743
1519510918.274368,  0.664474
1519510918.303592,  0.640743
1519510918.332811,  0.664474
1519510918.362021,  0.617012
1519510918.391246,  0.688206
1519510918.420463,  0.664474
1519510918.449685,  0.688206
1519510918.478903,  0.640743
1519510918.508128,  0.688206
1519510918.537352,  0.688206
1519510918.566566,  0.664474
1519510918.595773,  0.711937
1519510918.624978,  0.617012
1519510918.654190,  0.593281
1519510918.683394,  0.688206
1519510918.712616,  0.569550
1519510918.741829,  0.640743
1519510918.771051,  0.664474
1519510918.800310,  0.664474
1519510918.829546,  0.688206
1519510918.858752,  0.664474
1519510918.887964,  0.688206
1519510918.917180,  0.664474
1519510918.946397,  0.688206
1519510918.975598,  0.593281
1519510919.004811,  0.664474
1519510919.034038,  0.711937
1519510919.063263,  0.664474
1519510919.092492,  0.664474
1519510919.121707,  0.640743
1519510919.150929,  0.569550
1519510919.180143,  0.640743
1519510919.209360,  0.688206
1519510919.238584,  0.664474
1519510919.267801,  0.664474
1519510919.297018,  0.617012
1519510919.326239,  0.593281
1519510919.355460,  0.640743
1519510919.384678,  0.688206
1519510919.413895,  0.617012
1519510919.443107,  0.664474
1519510919.472329,  0.688206
1519510919.501548,  0.688206
1519510919.530779,  0.664474
1519510919.559991,  0.711937
1519510919.589239,  0.593281
1519510919.618456,  0.711937
1519510919.647676,  0.640743
1519510919.676895,  0.640743
1519510919.706119,  0.617012
1519510919.735340,  0.593281
1519510919.764554,  0.664474
1519510919.793764,  0.664474
1519510919.822976,  0.640743
1519510919.852192,  0.735668
1519510919.881406,  0.735668
1519510919.910620,  0.688206
1519510919.939837,  0.664474
1519510919.969047,  0.711937
1519510919.998261,  0.593281
1519510920.027474,  0.617012
1519510920.056691,  0.688206
1519510920.085913,  0.664474
1519510920.115135,  0.688206
1519510920.144359,  0.664474
1519510920.173576,  0.688206
1519510920.202803,  0.688206
1519510920.232024,  0.664474
1519510920.261247,  0.664474
1519510920.290520,  0.617012
1519510920.319762,  0.640743
1519510920.348986,  0.664474
1519510920.378229,  0.664474
1519510920.407469,  0.640743
1519510920.436690,  0.664474
1519510920.465909,  0.617012
1519510920.495118,  0.617012
1519510920.524344,  0.617012
1519510920.553570,  0.664474
1519510920.582791,  0.711937
1519510920.612007,  0.617012
1519510920.641232,  0.664474
1519510920.670454,  0.664474
1519510920.699678,  0.711937
1519510920.728900,  0.688206
1519510920.758121,  0.664474
1519510920.787338,  0.711937
1519510920.816550,  0.688206
1519510920.845775,  0.688206
1519510920.875037,  0.735668
1519510920.904279,  0.617012
1519510920.933525,  0.711937
1519510920.962770,  0.617012
1519510920.992003,  0.711937
1519510921.021260,  0.640743
1519510921.050560,  0.664474
1519510921.079815,  0.688206
1519510921.109052,  0.640743
1519510921.138285,  0.711937
1519510921.167508,  0.688206
1519510921.196733,  0.711937
1519510921.225949,  0.640743
1519510921.255170,  0.617012
1519510921.284416,  0.664474
1519510921.313656,  0.688206
1519510921.342884,  0.688206
1519510921.372088,  0.617012
1519510921.401309,  0.664474
1519510921.430519,  0.688206
1519510921.459730,  0.664474
1519510921.488944,  0.711937
1519510921.518158,  0.688206
1519510921.547368,  0.711937
1519510921.576584,  0.688206
1519510921.605799,  0.688206
1519510921.635036,  0.593281
1519510921.664254,  0.664474
1519510921.693474,  0.664474
1519510921.722698,  0.711937
1519510921.751928,  0.664474
1519510921.781181,  0.688206
1519510921.810443,  0.688206
1519510921.839686,  0.711937
1519510921.868908,  0.640743
1519510921.898130,  0.664474
1519510921.927354,  0.688206
1519510921.956574,  0.688206
1519510921.985797,  0.664474
1519510922.015025,  0.664474
1519510922.044247,  0.640743
1519510922.073460,  0.617012
1519510922.102671,  0.664474
1519510922.131882,  0.711937
1519510922.161100,  0.688206
1519510922.190321,  0.711937
1519510922.219551,  0.735668
1519510922.248787,  0.688206
1519510922.278020,  0.688206
1519510922.307244,  0.664474
1519510922.336468,  0.617012
1519510922.365684,  0.664474
1519510922.394916,  0.688206
1519510922.424134,  0.688206
1519510922.453350,  0.640743
1519510922.482576,  0.640743
1519510922.511797,  0.640743
1519510922.541028,  0.688206
1519510922.570241,  0.688206
1519510922.599469,  0.664474
1519510922.628684,  0.711937
1519510922.657903,  0.617012
1519510922.687111,  0.664474
1519510922.716333,  0.688206
1519510922.745550,  0.711937
1519510922.774769,  0.688206
1519510922.803994,  0.664474
1519510922.833226,  0.593281
1519510922.862450,  0.664474
1519510922.891662,  0.711937
1519510922.920890,  0.640743
1519510922.950111,  0.640743
1519510922.979325,  0.664474
1519510923.008552,  0.688206
1519510923.037770,  0.640743
1519510923.067008,  0.664474
1519510923.096227,  0.664474
1519510923.125443,  0.617012
1519510923.154664,  0.664474
1519510923.183897,  0.640743
1519510923.213125,  0.640743
1519510923.242349,  0.664474
1519510923.271574,  0.711937
1519510923.300870,  0.664474
1519510923.330136,  0.688206
1519510923.359389,  0.640743
1519510923.388632,  0.640743
1519510923.417887,  0.664474
1519510923.447134,  0.664474
1519510923.476375,  0.664474
1519510923.505622,  0.735668
1519510923.534866,  0.688206
1519510923.564110,  0.664474
1519510923.593359,  0.664474
1519510923.622605,  0.688206
1519510923.651842,  0.711937
1519510923.681089,  0.735668
1519510923.710332,  0.688206
1519510923.739569,  0.711937
1519510923.768806,  0.711937
1519510923.798049,  0.640743
1519510923.827291,  0.664474
1519510923.856536,  0.688206
1519510923.885759,  0.640743
1519510923.914969,  0.688206
1519510923.944181,  0.664474
1519510923.973405,  0.688206
1519510924.002634,  0.593281
1519510924.031870,  0.711937
1519510924.061095,  0.640743
1519510924.090325,  0.735668
1519510924.119554,  0.688206
1519510924.148776,  0.640743
1519510924.178001,  0.664474
1519510924.207215,  0.664474
1519510924.236436,  0.640743
1519510924.265665,  0.664474
1519510924.294892,  0.688206
1519510924.324119,  0.688206
1519510924.353340,  0.640743
1519510924.382553,  0.664474
1519510924.411752,  0.688206
1519510924.440973,  0.664474
1519510924.470190,  0.617012
1519510924.499410,  0.664474
1519510924.528621,  0.617012
1519510924.557847,  0.664474
1519510924.587074,  0.664474
1519510924.616303,  0.688206
1519510924.645521,  0.688206
1519510924.674730,  0.640743
1519510924.703953,  0.664474
1519510924.733171,  0.664474
1519510924.762390,  0.688206
1519510924.791624,  0.688206
1519510924.820873,  0.711937
1519510924.850081,  0.664474
1519510924.879313,  0.664474
1519510924.908531,  0.664474
1519510924.937739,  0.640743
1519510924.966953,  0.735668
1519510924.996162,  0.593281
1519510925.025365,  0.640743
1519510925.054579,  0.711937
1519510925.083794,  0.688206
1519510925.113014,  0.640743
1519510925.142219,  0.735668
1519510925.171427,  0.735668
1519510925.200637,  0.688206
1519510925.229848,  0.688206
1519510925.259066,  0.688206
1519510925.288275,  0.711937
1519510925.317499,  0.617012
1519510925.346725,  0.617012
1519510925.375941,  0.664474
1519510925.405164,  0.640743
1519510925.434385,  0.711937
1519510925.463606,  0.688206
1519510925.492821,  0.593281
1519510925.522030,  0.711937
1519510925.551246,  0.688206
1519510925.580462,  0.688206
1519510925.609679,  0.664474
1519510925.638896,  0.593281
1519510925.668105,  0.664474
1519510925.697326,  0.688206
1519510925.726544,  0.640743
1519510925.755764,  0.688206
1519510925.784976,  0.711937
1519510925.814191,  0.688206
1519510925.843416,  0.688206
1519510925.872644,  0.664474
1519510925.901869,  0.711937
1519510925.931101,  0.664474
1519510925.960321,  0.688206
1519510925.989543,  0.617012
1519510926.018761,  0.664474
1519510926.047973,  0.640743
1519510926.077192,  0.735668
1519510926.106404,  0.664474
1519510926.135621,  0.593281
1519510926.164839,  0.711937
1519510926.194094,  0.664474
1519510926.223348,  0.688206
1519510926.252608,  0.688206
1519510926.281932,  0.735668
1519510926.311212,  0.688206
1519510926.340475,  0.617012
1519510926.369738,  0.664474
1519510926.398993,  0.640743
1519510926.428242,  0.688206
1519510926.457489,  0.688206
1519510926.486746,  0.688206
1519510926.515987,  0.640743
1519510926.545241,  0.711937
1519510926.574482,  0.664474
1519510926.603733,  0.664474
1519510926.632989,  0.640743
1519510926.662235,  0.688206
1519510926.691490,  0.617012
1519510926.720786,  0.664474
1519510926.750039,  0.688206
1519510926.779300,  0.688206
1519510926.808564,  0.617012
1519510926.837825,  0.640743
1519510926.867083,  0.664474
1519510926.896342,  0.688206
1519510926.925595,  0.688206
1519510926.954846,  0.711937
1519510926.984107,  0.688206
1519510927.013359,  0.664474
1519510927.042622,  0.688206
1519510927.071879,  0.664474
1519510927.101143,  0.711937
1519510927.130403,  0.664474
1519510927.159673,  0.759399
1519510927.188940,  0.711937
1519510927.218197,  0.664474
1519510927.247452,  0.617012
1519510927.276715,  0.640743
1519510927.305968,  0.617012
1519510927.335221,  0.711937
1519510927.364471,  0.711937
1519510927.393740,  0.735668
1519510927.423009,  0.664474
1519510927.452261,  0.664474
1519510927.481580,  0.664474
1519510927.510842,  0.688206
1519510927.540094,  0.688206
1519510927.569345,  0.664474
1519510927.598604,  0.664474
1519510927.627854,  0.640743
1519510927.657104,  0.688206
1519510927.686331,  0.664474
1519510927.715553,  0.688206
1519510927.744787,  0.688206
1519510927.774018,  0.711937
1519510927.803267,  0.688206
1519510927.832523,  0.664474
1519510927.861763,  0.688206
1519510927.891014,  0.664474
1519510927.920249,  0.664474
1519510927.949469,  0.664474
1519510927.978703,  0.711937
1519510928.007936,  0.688206
1519510928.037166,  0.688206
1519510928.066400,  0.711937
1519510928.095635,  0.617012
1519510928.124869,  0.688206
1519510928.154108,  0.688206
1519510928.183364,  0.664474
1519510928.212615,  0.664474
1519510928.241844,  0.688206
1519510928.271109,  0.711937
1519510928.300337,  0.640743
1519510928.329576,  0.664474
1519510928.358799,  0.688206
1519510928.388022,  0.640743
1519510928.417245,  0.640743
1519510928.446467,  0.640743
1519510928.475685,  0.593281
1519510928.504897,  0.664474
1519510928.534122,  0.664474
1519510928.563348,  0.711937
1519510928.592569,  0.688206
1519510928.621779,  0.688206
1519510928.651011,  0.688206
1519510928.680224,  0.640743
1519510928.709450,  0.783131
1519510928.738659,  0.688206
1519510928.767879,  0.711937
1519510928.797100,  0.711937
1519510928.826310,  0.688206
1519510928.855513,  0.664474
1519510928.884734,  0.711937
1519510928.913961,  0.569550
1519510928.943187,  0.759399
1519510928.972405,  0.640743
1519510929.001619,  0.593281
1519510929.030840,  0.735668
1519510929.060066,  0.711937
1519510929.089289,  0.617012
1519510929.118496,  0.711937
1519510929.147706,  0.688206
1519510929.176917,  0.688206
1519510929.206145,  0.688206
1519510929.235358,  0.664474
1519510929.264575,  0.688206
1519510929.293839,  0.688206
1519510929.323079,  0.640743
1519510929.352368,  0.664474
1519510929.381594,  0.640743
1519510929.410828,  0.664474
1519510929.440043,  0.640743
1519510929.469266,  0.688206
1519510929.498479,  0.640743
1519510929.527707,  0.688206
1519510929.556931,  0.664474
1519510929.586156,  0.664474
1519510929.615384,  0.711937
1519510929.644603,  0.664474
1519510929.673820,  0.688206
1519510929.703038,  0.735668
1519510929.732260,  0.664474
1519510929.761530,  0.711937
1519510929.790763,  0.640743
1519510929.819957,  0.664474
1519510929.849160,  0.664474
1519510929.878366,  0.640743
1519510929.907575,  0.711937
1519510929.936779,  0.688206
1519510929.965983,  0.593281
1519510929.995188,  0.664474
1519510930.024389,  0.640743
1519510930.053584,  0.711937
1519510930.082797,  0.617012
1519510930.111999,  0.711937
1519510930.141227,  0.735668
1519510930.170435,  0.664474
1519510930.199631,  0.688206
1519510930.228842,  0.664474
1519510930.258045,  0.664474
1519510930.287247,  0.664474
1519510930.316437,  0.688206
1519510930.345645,  0.664474
1519510930.374853,  0.664474
1519510930.404058,  0.640743
1519510930.433255,  0.688206
1519510930.462472,  0.688206
1519510930.491697,  0.688206
1519510930.520895,  0.688206
1519510930.550109,  0.664474
1519510930.579319,  0.688206
1519510930.608524,  0.593281
1519510930.637724,  0.688206
1519510930.666941,  0.664474
1519510930.696153,  0.569550
1519510930.725383,  0.688206
1519510930.754605,  0.640743
1519510930.783834,  0.664474
1519510930.813092,  0.688206
1519510930.842348,  0.664474
1519510930.871584,  0.664474
1519510930.900828,  0.688206
1519510930.930048,  0.640743
1519510930.959253,  0.711937
1519510930.988472,  0.664474
1519510931.017696,  0.664474
1519510931.046937,  0.688206
1519510931.076149,  0.617012
1519510931.105361,  0.640743
1519510931.134578,  0.617012
1519510931.163807,  0.664474
1519510931.193034,  0.688206
1519510931.222255,  0.664474
1519510931.251477,  0.664474
1519510931.280740,  0.640743
1519510931.309971,  0.664474
1519510931.339197,  0.688206
1519510931.368432,  0.640743
1519510931.397656,  0.617012
1519510931.426900,  0.640743
1519510931.456125,  0.688206
1519510931.485355,  0.640743
1519510931.514571,  0.617012
1519510931.543788,  0.711937
1519510931.573012,  0.664474
1519510931.602227,  0.617012
1519510931.631464,  0.688206
1519510931.660679,  0.664474
1519510931.689898,  0.640743
1519510931.719105,  0.640743
1519510931.748305,  0.711937
1519510931.777520,  0.759399
1519510931.806738,  0.664474
1519510931.835955,  0.617012
1519510931.865172,  0.688206
1519510931.894378,  0.569550
1519510931.923591,  0.664474
1519510931.952820,  0.664474
1519510931.982038,  0.640743
1519510932.011256,  0.711937
1519510932.040508,  0.617012
1519510932.069742,  0.617012
1519510932.098959,  0.688206
1519510932.128195,  0.640743
1519510932.157412,  0.664474
1519510932.186637,  0.711937
1519510932.215854,  0.711937
1519510932.245073,  0.640743
1519510932.274305,  0.688206
1519510932.303571,  0.735668
1519510932.332807,  0.688206
1519510932.362035,  0.617012
1519510932.391265,  0.688206
1519510932.420483,  0.664474
1519510932.449712,  0.688206
1519510932.478922,  0.735668
1519510932.508146,  0.711937
1519510932.537368,  0.735668
1519510932.566593,  0.688206
1519510932.595810,  0.688206
1519510932.625031,  0.688206
1519510932.654253,  0.688206
1519510932.683472,  0.664474
1519510932.712690,  0.664474
1519510932.741905,  0.688206
1519510932.771128,  0.640743
1519510932.800344,  0.688206
1519510932.829559,  0.688206
1519510932.858769,  0.664474
1519510932.887985,  0.569550
1519510932.917206,  0.664474
1519510932.946421,  0.664474
1519510932.975644,  0.664474
1519510933.004863,  0.664474
1519510933.034080,  0.664474
1519510933.063302,  0.688206
1519510933.092528,  0.664474
1519510933.121745,  0.640743
1519510933.150981,  0.617012
1519510933.180197,  0.640743
1519510933.209417,  0.688206
1519510933.238626,  0.688206
1519510933.267841,  0.640743
1519510933.297059,  0.640743
1519510933.326279,  0.617012
1519510933.355498,  0.640743
1519510933.384726,  0.664474
1519510933.413943,  0.664474
1519510933.443163,  0.711937
1519510933.472384,  0.711937
1519510933.501609,  0.711937
1519510933.530837,  0.664474
1519510933.560053,  0.640743
1519510933.589278,  0.640743
1519510933.618492,  0.711937
1519510933.647708,  0.640743
1519510933.676923,  0.640743
1519510933.706138,  0.617012
1519510933.735377,  0.664474
1519510933.764607,  0.664474
1519510933.793864,  0.640743
1519510933.823106,  0.640743
1519510933.852362,  0.617012
1519510933.881585,  0.688206
1519510933.910796,  0.640743
1519510933.940018,  0.640743
1519510933.969236,  0.688206
1519510933.998447,  0.617012
1519510934.027673,  0.617012
1519510934.056894,  0.617012
1519510934.086123,  0.664474
1519510934.115348,  0.759399
1519510934.144563,  0.640743
1519510934.173784,  0.617012
1519510934.203019,  0.664474
1519510934.232236,  0.640743
1519510934.261451,  0.640743
1519510934.290660,  0.711937
1519510934.319879,  0.617012
1519510934.349095,  0.640743
1519510934.378312,  0.688206
1519510934.407529,  0.688206
1519510934.436743,  0.664474
1519510934.465972,  0.664474
1519510934.495205,  0.711937
1519510934.524429,  0.688206
1519510934.553655,  0.664474
1519510934.582899,  0.664474
1519510934.612123,  0.664474
1519510934.641377,  0.664474
1519510934.670609,  0.688206
1519510934.699837,  0.664474
1519510934.729068,  0.688206
1519510934.758297,  0.640743
1519510934.787512,  0.688206
1519510934.816734,  0.688206
1519510934.845952,  0.688206
1519510934.875177,  0.640743
1519510934.904392,  0.640743
1519510934.933633,  0.664474
1519510934.962899,  0.640743
1519510934.992123,  0.688206
1519510935.021352,  0.664474
1519510935.050565,  0.617012
1519510935.079779,  0.640743
1519510935.108999,  0.640743
1519510935.138216,  0.617012
1519510935.167468,  0.664474
1519510935.196684,  0.640743
1519510935.225933,  0.688206
1519510935.255159,  0.688206
1519510935.284387,  0.664474
1519510935.313624,  0.664474
1519510935.342859,  0.617012
1519510935.372082,  0.617012
1519510935.401310,  0.664474
1519510935.430524,  0.617012
1519510935.459740,  0.664474
1519510935.488955,  0.640743
1519510935.518177,  0.617012
1519510935.547400,  0.688206
1519510935.576621,  0.593281
1519510935.605843,  0.664474
1519510935.635066,  0.640743
1519510935.664284,  0.711937
1519510935.693489,  0.664474
1519510935.722707,  0.711937
1519510935.751920,  0.664474
1519510935.781142,  0.664474
1519510935.810361,  0.664474
1519510935.839578,  0.640743
1519510935.868788,  0.617012
1519510935.898004,  0.711937
1519510935.927222,  0.640743
1519510935.956432,  0.664474
1519510935.985648,  0.617012
1519510936.014866,  0.640743
1519510936.044080,  0.688206
1519510936.073300,  0.640743
1519510936.102540,  0.664474
1519510936.131789,  0.640743
1519510936.161033,  0.711937
1519510936.190248,  0.688206
1519510936.219471,  0.617012
1519510936.248689,  0.688206
1519510936.277897,  0.664474
1519510936.307125,  0.711937
1519510936.336360,  0.617012
1519510936.365595,  0.617012
1519510936.394815,  0.617012
1519510936.424026,  0.688206
1519510936.453262,  0.711937
1519510936.482484,  0.640743
1519510936.511701,  0.617012
1519510936.540921,  0.688206
1519510936.570140,  0.735668
1519510936.599357,  0.640743
1519510936.628559,  0.640743
1519510936.657776,  0.640743
1519510936.686987,  0.664474
1519510936.716195,  0.640743
1519510936.745421,  0.688206
1519510936.774639,  0.688206
1519510936.803895,  0.664474
1519510936.833140,  0.593281
1519510936.862377,  0.593281
1519510936.891602,  0.617012
1519510936.920826,  0.640743
1519510936.950044,  0.640743
1519510936.979265,  0.688206
1519510937.008488,  0.640743
1519510937.037708,  0.640743
1519510937.066938,  0.664474
1519510937.096166,  0.688206
1519510937.125403,  0.640743
1519510937.154625,  0.617012
1519510937.183849,  0.688206
1519510937.213068,  0.640743
1519510937.242321,  0.640743
1519510937.271545,  0.640743
1519510937.300779,  0.617012
1519510937.329999,  0.640743
1519510937.359213,  0.617012
1519510937.388433,  0.593281
1519510937.417656,  0.664474
1519510937.446881,  0.688206
1519510937.476106,  0.688206
1519510937.505361,  0.664474
1519510937.534600,  0.640743
1519510937.563832,  0.640743
1519510937.593076,  0.640743
1519510937.622322,  0.664474
1519510937.651563,  0.688206
1519510937.680808,  0.664474
1519510937.710021,  0.688206
1519510937.739236,  0.688206
1519510937.768458,  0.688206
1519510937.797683,  0.593281
1519510937.826939,  0.617012
1519510937.856183,  0.688206
1519510937.885422,  0.664474
1519510937.914666,  0.664474
1519510937.943922,  0.664474
1519510937.973182,  0.640743
1519510938.002432,  0.688206
1519510938.031653,  0.711937
1519510938.060879,  0.664474
1519510938.090089,  0.664474
1519510938.119315,  0.640743
1519510938.148527,  0.617012
1519510938.177749,  0.640743
1519510938.206959,  0.664474
1519510938.236185,  0.593281
1519510938.265407,  0.664474
1519510938.294665,  0.688206
1519510938.323908,  0.664474
1519510938.353136,  0.711937
1519510938.382384,  0.617012
1519510938.411599,  0.711937
1519510938.440827,  0.688206
1519510938.470035,  0.664474
1519510938.499245,  0.735668
1519510938.528454,  0.664474
1519510938.557675,  0.640743
1519510938.586909,  0.640743
1519510938.616117,  0.640743
1519510938.645328,  0.617012
1519510938.674544,  0.664474
1519510938.703764,  0.640743
1519510938.732989,  0.688206
1519510938.762202,  0.640743
1519510938.791413,  0.617012
1519510938.820653,  0.688206
1519510938.849860,  0.617012
1519510938.879072,  0.664474
1519510938.908289,  0.664474
1519510938.937508,  0.569550
1519510938.966729,  0.593281
1519510938.995947,  0.711937
1519510939.025158,  0.711937
1519510939.054377,  0.688206
1519510939.083601,  0.688206
1519510939.112817,  0.688206
1519510939.142047,  0.640743
1519510939.171292,  0.617012
1519510939.200512,  0.593281
1519510939.229728,  0.664474
1519510939.258942,  0.664474
1519510939.288147,  0.640743
1519510939.317369,  0.640743
1519510939.346586,  0.688206
1519510939.375799,  0.688206
1519510939.405005,  0.664474
1519510939.434225,  0.688206
1519510939.463451,  0.688206
1519510939.492666,  0.617012
1519510939.521866,  0.688206
1519510939.551089,  0.664474
1519510939.580293,  0.640743
1519510939.609511,  0.664474
1519510939.638718,  0.664474
1519510939.667944,  0.640743
1519510939.697174,  0.688206
1519510939.726393,  0.688206
1519510939.755609,  0.640743
1519510939.784826,  0.664474
1519510939.814092,  0.664474
1519510939.843314,  0.688206
1519510939.872545,  0.640743
1519510939.901759,  0.664474
1519510939.930974,  0.664474
1519510939.960207,  0.664474
1519510939.989424,  0.664474
1519510940.018640,  0.688206
1519510940.047844,  0.617012
1519510940.077055,  0.735668
1519510940.106291,  0.688206
1519510940.135513,  0.617012
1519510940.164761,  0.617012
1519510940.193973,  0.617012
1519510940.223185,  0.640743
1519510940.252403,  0.711937
1519510940.281616,  0.688206
1519510940.310839,  0.617012
1519510940.340053,  0.664474
1519510940.369272,  0.711937
1519510940.398486,  0.593281
1519510940.427707,  0.664474
1519510940.456918,  0.664474
1519510940.486128,  0.711937
1519510940.515341,  0.711937
1519510940.544553,  0.664474
1519510940.573762,  0.617012
1519510940.602979,  0.711937
1519510940.632195,  0.688206
1519510940.661416,  0.711937
1519510940.690636,  0.711937
1519510940.719854,  0.711937
1519510940.749075,  0.711937
1519510940.778298,  0.640743
1519510940.807519,  0.688206
1519510940.836813,  0.664474
1519510940.866036,  0.688206
1519510940.895256,  0.664474
1519510940.924482,  0.617012
1519510940.953716,  0.640743
1519510940.982950,  0.617012
1519510941.012172,  0.664474
1519510941.041412,  0.711937
1519510941.070641,  0.640743
1519510941.099851,  0.688206
1519510941.129064,  0.640743
1519510941.158281,  0.688206
1519510941.187500,  0.711937
1519510941.216718,  0.593281
1519510941.245933,  0.688206
1519510941.275157,  0.617012
1519510941.304408,  0.640743
1519510941.333674,  0.711937
1519510941.362922,  0.664474
1519510941.392145,  0.688206
1519510941.421360,  0.640743
1519510941.450569,  0.688206
1519510941.479777,  0.664474
1519510941.508992,  0.640743
1519510941.538213,  0.640743
1519510941.567443,  0.688206
1519510941.596659,  0.688206
1519510941.625871,  0.664474
1519510941.655080,  0.711937
1519510941.684294,  0.664474
1519510941.713514,  0.640743
1519510941.742732,  0.664474
1519510941.771949,  0.688206
1519510941.801165,  0.735668
1519510941.830382,  0.711937
1519510941.859591,  0.664474
1519510941.888797,  0.640743
1519510941.918008,  0.664474
1519510941.947205,  0.640743
1519510941.976420,  0.664474
1519510942.005627,  0.617012
1519510942.034837,  0.617012
1519510942.064046,  0.688206
1519510942.093272,  0.617012
1519510942.122489,  0.711937
1519510942.151716,  0.617012
1519510942.180963,  0.664474
1519510942.210188,  0.617012
1519510942.239407,  0.640743
1519510942.268635,  0.593281
1519510942.297844,  0.617012
1519510942.327060,  0.593281
1519510942.356276,  0.711937
1519510942.385482,  0.688206
1519510942.414699,  0.617012
1519510942.443916,  0.593281
1519510942.473146,  0.617012
1519510942.502373,  0.640743
1519510942.531608,  0.664474
1519510942.560852,  0.664474
1519510942.590078,  0.688206
1519510942.619299,  0.640743
1519510942.648510,  0.640743
1519510942.677741,  0.617012
1519510942.706952,  0.688206
1519510942.736161,  0.640743
1519510942.765377,  0.664474
1519510942.794672,  0.640743
1519510942.823910,  0.664474
1519510942.853125,  0.688206
1519510942.882410,  0.640743
1519510942.911628,  0.664474
1519510942.940834,  0.640743
1519510942.970049,  0.569550
1519510942.999256,  0.617012
1519510943.028465,  0.664474
1519510943.057677,  0.688206
1519510943.086894,  0.617012
1519510943.116107,  0.664474
1519510943.145317,  0.664474
1519510943.174527,  0.593281
1519510943.203737,  0.640743
1519510943.232949,  0.711937
1519510943.262170,  0.640743
1519510943.291389,  0.640743
1519510943.320600,  0.640743
1519510943.349810,  0.664474
1519510943.379042,  0.664474
1519510943.408257,  0.617012
1519510943.437459,  0.688206
1519510943.466672,  0.664474
1519510943.495881,  0.688206
1519510943.525083,  0.640743
1519510943.554281,  0.640743
1519510943.583494,  0.711937
1519510943.612696,  0.640743
1519510943.641894,  0.664474
1519510943.671112,  0.617012
1519510943.700312,  0.664474
1519510943.729522,  0.617012
1519510943.758731,  0.593281
1519510943.787937,  0.640743
1519510943.817154,  0.688206
1519510943.846362,  0.688206
1519510943.875573,  0.688206
1519510943.904780,  0.688206
1519510943.933991,  0.688206
1519510943.963211,  0.688206
1519510943.992440,  0.688206
1519510944.021671,  0.711937
1519510944.050923,  0.640743
1519510944.080154,  0.664474
1519510944.109377,  0.688206
1519510944.138599,  0.640743
1519510944.167809,  0.711937
1519510944.197024,  0.593281
1519510944.226234,  0.688206
1519510944.255463,  0.664474
1519510944.284667,  0.640743
1519510944.313891,  0.664474
1519510944.343127,  0.617012
1519510944.372346,  0.664474
1519510944.401562,  0.640743
1519510944.430781,  0.617012
1519510944.459987,  0.688206
1519510944.489197,  0.664474
1519510944.518406,  0.640743
1519510944.547622,  0.569550
1519510944.576838,  0.664474
1519510944.606057,  0.640743
1519510944.635274,  0.664474
1519510944.664484,  0.664474
1519510944.693698,  0.664474
1519510944.722923,  0.617012
1519510944.752143,  0.688206
1519510944.781372,  0.640743
1519510944.810603,  0.593281
1519510944.839826,  0.640743
1519510944.869053,  0.640743
1519510944.898269,  0.664474
1519510944.927485,  0.664474
1519510944.956704,  0.664474
1519510944.985922,  0.640743
1519510945.015138,  0.617012
1519510945.044360,  0.617012
1519510945.073578,  0.617012
1519510945.102810,  0.640743
1519510945.132034,  0.640743
1519510945.161275,  0.640743
1519510945.190498,  0.664474
1519510945.219721,  0.593281
1519510945.248941,  0.593281
1519510945.278159,  0.664474
1519510945.307371,  0.664474
1519510945.336584,  0.664474
1519510945.365805,  0.640743
1519510945.395042,  0.617012
1519510945.424262,  0.617012
1519510945.453496,  0.664474
1519510945.482735,  0.664474
1519510945.511957,  0.688206
1519510945.541185,  0.664474
1519510945.570395,  0.664474
1519510945.599603,  0.640743
1519510945.628806,  0.688206
1519510945.658015,  0.569550
1519510945.687218,  0.617012
1519510945.716424,  0.569550
1519510945.745628,  0.617012
1519510945.774834,  0.593281
1519510945.804079,  0.640743
1519510945.833323,  0.593281
1519510945.862553,  0.593281
1519510945.891768,  0.640743
1519510945.920986,  0.617012
1519510945.950194,  0.617012
1519510945.979403,  0.569550
1519510946.008605,  0.569550
1519510946.037815,  0.664474
1519510946.067033,  0.664474
1519510946.096242,  0.617012
1519510946.125448,  0.664474
1519510946.154648,  0.593281
1519510946.183860,  0.640743
1519510946.213071,  0.593281
1519510946.242312,  0.640743
1519510946.271524,  0.569550
1519510946.300758,  0.617012
1519510946.329970,  0.664474
1519510946.359185,  0.640743
1519510946.388395,  0.617012
1519510946.417598,  0.688206
1519510946.446806,  0.640743
1519510946.476005,  0.617012
1519510946.505205,  0.617012
1519510946.534414,  0.664474
1519510946.563620,  0.593281
1519510946.592840,  0.664474
1519510946.622058,  0.664474
1519510946.651271,  0.664474
1519510946.680473,  0.664474
1519510946.709675,  0.617012
1519510946.738895,  0.640743
1519510946.768102,  0.545818
1519510946.797301,  0.617012
1519510946.826494,  0.640743
1519510946.855699,  0.640743
1519510946.884901,  0.569550
1519510946.914097,  0.640743
1519510946.943328,  0.664474
1519510946.972551,  0.640743
1519510947.001788,  0.617012
1519510947.030998,  0.664474
1519510947.060204,  0.593281
1519510947.089426,  0.664474
1519510947.118637,  0.688206
1519510947.147849,  0.711937
1519510947.177055,  0.664474
1519510947.206276,  0.711937
1519510947.235498,  0.617012
1519510947.264709,  0.593281
1519510947.293964,  0.617012
1519510947.323232,  0.640743
1519510947.352479,  0.688206
1519510947.381692,  0.569550
1519510947.410910,  0.688206
1519510947.440126,  0.688206
1519510947.469338,  0.664474
1519510947.498553,  0.664474
1519510947.527766,  0.711937
1519510947.556987,  0.593281
1519510947.586206,  0.593281
1519510947.615440,  0.617012
1519510947.644655,  0.688206
1519510947.673875,  0.593281
1519510947.703099,  0.640743
1519510947.732372,  0.711937
1519510947.761584,  0.640743
1519510947.790808,  0.711937
1519510947.820023,  0.688206
1519510947.849232,  0.664474
1519510947.878445,  0.640743
1519510947.907675,  0.688206
1519510947.936912,  0.664474
1519510947.966151,  0.688206
1519510947.995391,  0.569550
1519510948.024645,  0.688206
1519510948.053885,  0.664474
1519510948.083122,  0.569550
1519510948.112392,  0.664474
1519510948.141626,  0.617012
1519510948.170892,  0.664474
1519510948.200128,  0.640743
1519510948.229359,  0.593281
1519510948.258608,  0.664474
1519510948.287846,  0.711937
1519510948.317084,  0.664474
1519510948.346310,  0.640743
1519510948.375550,  0.688206
1519510948.404793,  0.664474
1519510948.434022,  0.640743
1519510948.463240,  0.688206
1519510948.492462,  0.664474
1519510948.521687,  0.664474
1519510948.550914,  0.664474
1519510948.580149,  0.617012
1519510948.609375,  0.664474
1519510948.638589,  0.640743
1519510948.667803,  0.664474
1519510948.697014,  0.617012
1519510948.726255,  0.664474
1519510948.755473,  0.664474
1519510948.784707,  0.593281
1519510948.813937,  0.664474
1519510948.843173,  0.617012
1519510948.872404,  0.640743
1519510948.901613,  0.688206
1519510948.930837,  0.640743
1519510948.960043,  0.640743
1519510948.989249,  0.664474
1519510949.018461,  0.640743
1519510949.047683,  0.617012
1519510949.076901,  0.711937
1519510949.106124,  0.640743
1519510949.135343,  0.569550
1519510949.164565,  0.688206
1519510949.193783,  0.640743
1519510949.223011,  0.593281
1519510949.252221,  0.688206
1519510949.281439,  0.617012
1519510949.310653,  0.617012
1519510949.339887,  0.664474
1519510949.369099,  0.711937
1519510949.398313,  0.569550
1519510949.427526,  0.617012
1519510949.456741,  0.640743
1519510949.485956,  0.640743
1519510949.515164,  0.640743
1519510949.544374,  0.617012
1519510949.573594,  0.664474
1519510949.602816,  0.569550
1519510949.632035,  0.664474
1519510949.661259,  0.640743
1519510949.690482,  0.711937
1519510949.719705,  0.640743
1519510949.748924,  0.711937
1519510949.778152,  0.664474
1519510949.807367,  0.688206
1519510949.836582,  0.688206
1519510949.865793,  0.640743
1519510949.895011,  0.640743
1519510949.924223,  0.593281
1519510949.953445,  0.640743
1519510949.982671,  0.640743
1519510950.011897,  0.640743
1519510950.041126,  0.711937
1519510950.070342,  0.664474
1519510950.099559,  0.617012
1519510950.128777,  0.593281
1519510950.157988,  0.640743
1519510950.187198,  0.640743
1519510950.216406,  0.664474
1519510950.245615,  0.617012
1519510950.274829,  0.688206
1519510950.304071,  0.664474
1519510950.333307,  0.688206
1519510950.362536,  0.664474
1519510950.391753,  0.688206
1519510950.420986,  0.688206
1519510950.450202,  0.688206
1519510950.479407,  0.688206
1519510950.508642,  0.617012
1519510950.537854,  0.735668
1519510950.567070,  0.688206
1519510950.596280,  0.617012
1519510950.625492,  0.664474
1519510950.654708,  0.640743
1519510950.683922,  0.664474
1519510950.713140,  0.688206
1519510950.742354,  0.617012
1519510950.771566,  0.711937
1519510950.800785,  0.664474
1519510950.829997,  0.688206
1519510950.859233,  0.593281
1519510950.888462,  0.593281
1519510950.917681,  0.617012
1519510950.946905,  0.617012
1519510950.976107,  0.664474
1519510951.005323,  0.664474
1519510951.034537,  0.617012
1519510951.063744,  0.664474
1519510951.092950,  0.688206
1519510951.122157,  0.688206
1519510951.151380,  0.640743
1519510951.180598,  0.664474
1519510951.209805,  0.664474
1519510951.239008,  0.711937
1519510951.268214,  0.664474
1519510951.297447,  0.640743
1519510951.326728,  0.664474
1519510951.355939,  0.664474
1519510951.385146,  0.640743
1519510951.414355,  0.664474
1519510951.443567,  0.711937
1519510951.472774,  0.640743
1519510951.501995,  0.664474
1519510951.531210,  0.640743
1519510951.560418,  0.711937
1519510951.589635,  0.711937
1519510951.618851,  0.664474
1519510951.648069,  0.664474
1519510951.677286,  0.711937
1519510951.706503,  0.664474
1519510951.735736,  0.664474
1519510951.764963,  0.735668
1519510951.794188,  0.664474
1519510951.823419,  0.688206
1519510951.852660,  0.664474
1519510951.881878,  0.640743
1519510951.911112,  0.640743
1519510951.940335,  0.640743
1519510951.969556,  0.735668
1519510951.998774,  0.640743
1519510952.027982,  0.640743
1519510952.057198,  0.593281
1519510952.086408,  0.735668
1519510952.115615,  0.711937
1519510952.144832,  0.711937
1519510952.174051,  0.640743
1519510952.203262,  0.688206
1519510952.232489,  0.688206
1519510952.261698,  0.759399
1519510952.290939,  0.735668
1519510952.320150,  0.688206
1519510952.349348,  0.688206
1519510952.378558,  0.593281
1519510952.407766,  0.688206
1519510952.436975,  0.711937
1519510952.466188,  0.593281
1519510952.495406,  0.759399
1519510952.524628,  0.664474
1519510952.553860,  0.664474
1519510952.583087,  0.617012
1519510952.612360,  0.664474
1519510952.641582,  0.664474
1519510952.670806,  0.664474
1519510952.700021,  0.664474
1519510952.729243,  0.688206
1519510952.758450,  0.664474
1519510952.787672,  0.688206
1519510952.816904,  0.664474
1519510952.846124,  0.688206
1519510952.875337,  0.759399
1519510952.904562,  0.640743
1519510952.933782,  0.711937
1519510952.963021,  0.640743
1519510952.992254,  0.688206
1519510953.021475,  0.688206
1519510953.050739,  0.640743
1519510953.079957,  0.759399
1519510953.109169,  0.640743
1519510953.138390,  0.640743
1519510953.167610,  0.688206
1519510953.196816,  0.711937
1519510953.226035,  0.593281
1519510953.255281,  0.688206
1519510953.284499,  0.640743
1519510953.313742,  0.593281
1519510953.343016,  0.664474
1519510953.372243,  0.688206
1519510953.401463,  0.593281
1519510953.430676,  0.617012
1519510953.459885,  0.640743
1519510953.489098,  0.617012
1519510953.518315,  0.640743
1519510953.547521,  0.640743
1519510953.576730,  0.640743
1519510953.605941,  0.664474
1519510953.635148,  0.711937
1519510953.664361,  0.711937
1519510953.693573,  0.640743
1519510953.722787,  0.664474
1519510953.751999,  0.688206
1519510953.781223,  0.664474
1519510953.810440,  0.711937
1519510953.839660,  0.759399
1519510953.868879,  0.640743
1519510953.898098,  0.688206
1519510953.927329,  0.711937
1519510953.956536,  0.711937
1519510953.985751,  0.711937
1519510954.014960,  0.617012
1519510954.044176,  0.664474
1519510954.073398,  0.735668
1519510954.102633,  0.664474
1519510954.131858,  0.664474
1519510954.161100,  0.711937
1519510954.190340,  0.664474
1519510954.219562,  0.711937
1519510954.248775,  0.664474
1519510954.277989,  0.640743
1519510954.307207,  0.735668
1519510954.336430,  0.617012
1519510954.365650,  0.711937
1519510954.394890,  0.688206
1519510954.424108,  0.711937
1519510954.453329,  0.688206
1519510954.482556,  0.640743
1519510954.511777,  0.664474
1519510954.541003,  0.664474
1519510954.570219,  0.640743
1519510954.599439,  0.664474
1519510954.628642,  0.617012
1519510954.657858,  0.617012
1519510954.687070,  0.664474
1519510954.716277,  0.688206
1519510954.745495,  0.711937
1519510954.774709,  0.664474
1519510954.803979,  0.664474
1519510954.833219,  0.711937
1519510954.862455,  0.711937
1519510954.891664,  0.688206
1519510954.920887,  0.688206
1519510954.950101,  0.688206
1519510954.979325,  0.711937
1519510955.008546,  0.688206
1519510955.037761,  0.664474
1519510955.066978,  0.711937
1519510955.096198,  0.664474
1519510955.125421,  0.617012
1519510955.154645,  0.688206
1519510955.183885,  0.735668
1519510955.213094,  0.688206
1519510955.242316,  0.640743
1519510955.271537,  0.664474
1519510955.300766,  0.664474
1519510955.329987,  0.711937
1519510955.359215,  0.688206
1519510955.388429,  0.711937
1519510955.417653,  0.711937
1519510955.446874,  0.688206
1519510955.476086,  0.664474
1519510955.505314,  0.664474
1519510955.534534,  0.688206
1519510955.563754,  0.711937
1519510955.592965,  0.688206
1519510955.622189,  0.664474
1519510955.651414,  0.664474
1519510955.680639,  0.664474
1519510955.709862,  0.688206
1519510955.739080,  0.640743
1519510955.768317,  0.711937
1519510955.797532,  0.688206
1519510955.826760,  0.688206
